[
    {
        "id": 1,
        "name": "Arrangement 456789",
        "pin_group": "1234",
        "vbr_effective_date": "10/11/2018",
        "vbr_end_date": "01/01/2016",
        "payees": [
            {
              "id": 1,
              "name": "Payee #16747",
              "pin_group_name": "pgn",
              "pin_group_id": "yyyyy",
              "pay_to_pfin": "jkashjasj",
              "corporate_entity": "NM",
              "tin": "juiokloi",
              "payee_eff_date": "01/12/2018",
              "payee_end_date": "03/12/2019",
              "active": true
            },
            {
              "id": 2,
              "name": "Payee #98765",
              "pin_group_name": "######",
              "pin_group_id": "8908767-1",
              "pay_to_pfin": "Opqrs",
              "corporate_entity": "TX",
              "tin": "thetine",
              "payee_eff_date": "01/12/2018",
              "payee_end_date": "01/01/2019",
              "active": false
            }
          ]
    },
    {
        "id": 2,
        "name": "MN-01-PLO",
        "pin_group": "567",
        "vbr_effective_date": "02/02/2012",
        "vbr_end_date": "01/05/2012",
        "payees": [
            {
              "id": 1,
              "name": "Payee #16747",
              "pin_group_name": "pgn",
              "pin_group_id": "yyyyy",
              "pay_to_pfin": "jkashjasj",
              "corporate_entity": "NM",
              "tin": "juiokloi",
              "payee_eff_date": "01/12/2018",
              "payee_end_date": "mm/dd/yy",
              "active": true
            },
            {
              "id": 2,
              "name": "Payee #98765",
              "pin_group_name": "######",
              "pin_group_id": "8908767-1",
              "pay_to_pfin": "Opqrs",
              "corporate_entity": "TX",
              "tin": "thetine",
              "payee_eff_date": "01/12/2018",
              "payee_end_date": "01/01/2019",
              "active": false
            }
          ]
    }
]