{
    "calculationRunNames": [
        {
            "createUserId": "U403230",
            "updateUserId": "U403230",
            "createRecordTimestamp": "2019-07-22T14:38:41",
            "updateRecordTimestamp": "2019-07-22T15:20:15",
            "rowAction": "NO_ACTION",
            "calculationRunName": "CRN01",
            "corporateEntityCode": "NM1",
            "runTypeCode": "Approval",
            "runNameStatusCode": "S",
            "calculationGroupings": [],
            "calculationRequests": []
        },
        {
            "createUserId": "U403232",
            "updateUserId": "U403232",
            "createRecordTimestamp": "2019-07-22T14:40:04",
            "updateRecordTimestamp": "2019-07-22T17:30:20",
            "rowAction": "NO_ACTION",
            "calculationRunName": "CRN02",
            "corporateEntityCode": "NM1",
            "runTypeCode": "Approval",
            "runNameStatusCode": "S",
            "calculationGroupings": [],
            "calculationRequests": [
                {
                    "createUserId": "u403349",
                    "updateUserId": "u395837",
                    "createRecordTimestamp": "2019-08-08T21:39:50",
                    "updateRecordTimestamp": "2019-08-08T22:39:50",
                   "rowAction": "NO_ACTION",
                    "calculationRequestId": 78,
                    "calculationRunName": "CRN02",
                    "corporateEntityCode": "NM1",
                    "calculationRequestName": "REQ_NM1",
                    "processPeriodDate": "08/20/2019",
                    "requestSubmittedTimestamp": "07/22/2019 14:23:11.000000",
                    "requestSubmittedUserId": "VBRAD",
                    "calculationRequestStatusCode": "In-Progress",
                    "requestCommentText": "REIMBURSEMENT",
                    "parentCalculationRunName": null
                }
            ]
        },
        {
            "createUserId": "U402500",
            "updateUserId": "U402500",
            "createRecordTimestamp": "2019-07-22T14:40:04",
            "updateRecordTimestamp": "2019-07-22T15:40:50",
            "rowAction": "NO_ACTION",
            "calculationRunName": "CRN03",
            "corporateEntityCode": "NM1",
            "runTypeCode": "Approval",
            "runNameStatusCode": "S",
            "calculationGroupings": [],
            "calculationRequests": [
                {
                    "createUserId": "u403587",
                    "updateUserId": "u403230",
                    "createRecordTimestamp": "2019-10-30T18:25:50",
                    "updateRecordTimestamp": "2019-10-30T19:30:15",
                    "rowAction": "NO_ACTION",
                    "calculationRequestId": 70,
                    "calculationRunName": "CRN03",
                    "corporateEntityCode": "NM1",
                    "calculationRequestName": "CR04",
                    "processPeriodDate": "09/20/2019",
                    "requestSubmittedTimestamp": "10/25/2019 14:45:50.000000",
                    "requestSubmittedUserId": "VBRAD",
                    "calculationRequestStatusCode": "In-Progress",
                    "requestCommentText": "REIMBURSEMENT",
                    "parentCalculationRunName": null
                }
            ]
        },
        {
            "createUserId": "U403250",
            "updateUserId": "U403250",
            "createRecordTimestamp": "2019-07-22T14:40:04",
            "updateRecordTimestamp": "2019-07-22T18:20:40",
            "rowAction": "NO_ACTION",
            "calculationRunName": "CRN04",
            "corporateEntityCode": "NM1",
            "runTypeCode": "Approval",
            "runNameStatusCode": "S",
            "calculationGroupings": [],
            "calculationRequests": []
        },
        {
            "createUserId": "u399769",
            "updateUserId": "u399769",
            "createRecordTimestamp": "2019-09-17T18:46:05.147",
            "updateRecordTimestamp": "2019-07-01T18:59:00",
            "rowAction": "NO_ACTION",
            "calculationRunName": "Run5",
            "corporateEntityCode": "NM ",
            "runTypeCode": "Approval",
            "runNameStatusCode": "valid",
            "calculationGroupings": [],
            "calculationRequests": []
        }
    ],
    "message": "CalculationRunNames fetched successfully"
}

