[{
    "id": 0,
    "payee": "Hill Country Account",
    "prod": [{
      "id": 0,
      "current_reimbursement_amount": "NONHMO",
      "retro_reimbursement_amount": "",
      "total_reimbursement_amount": ""
    }],
    "type": [{
      "id": 0,
      "current_reimbursement_amount": "ACOFEE",
      "retro_reimbursement_amount": "",
      "total_reimbursement_amount": ""
    }],
    "january": [{
      "id": 0,
      "current_reimbursement_amount": "24.00",
      "retro_reimbursement_amount": "0.00",
      "total_reimbursement_amount": "24.00"
    }],
    "february": [{
      "id": 0,
      "current_reimbursement_amount": "10.00",
      "retro_reimbursement_amount": "0.00",
      "total_reimbursement_amount": "10.00"
    }]
  },
  {
    "id": 1,
    "payee": "Davita Medical Group New Mexico LLC",
    "prod": [{
      "id": 0,
      "current_reimbursement_amount": "MAHMO",
      "retro_reimbursement_amount": "",
      "total_reimbursement_amount": ""
    }],
    "type": [{
      "id": 0,
      "current_reimbursement_amount": "$51,000",
      "retro_reimbursement_amount": "$500",
      "total_reimbursement_amount": "$50,510",
      "manual_reimbursement_amount": "$10",
      "current_pmpm": "$5.00",
      "overall_pmpm": "$5.00"
    }],
    "%var": [{
      "id": 0,
      "current_members": "5.00%",
      "retro_members": "5.00%",
      "current_reimbursement_amount": "-7.09%",
      "retro_reimbursement_amount": "-7.09%",
      "total_reimbursement_amount": "-7.09%",
      "manual_reimbursement_amount": "-7.09%",
      "current_pmpm": "-0.90%",
      "overall_pmpm": "-0.90%"
    }],
    "abs_var": [{
      "id": 0,
      "current_members": "700",
      "retro_members": "700",
      "current_reimbursement_amount": "-500",
      "retro_reimbursement_amount": "-500",
      "total_reimbursement_amount": "-500",
      "manual_reimbursement_amount": "-500",
      "current_pmpm": "0.365",
      "overall_pmpm": "0.365"
    }]
  },
  {
    "id": 2,
    "payee": "Payee #3",
    "line_of_business": "DUO",
    "payment_type": "ACVFND",
    "january": [{
      "id": 0,
      "current_members": "10,000",
      "retro_members": "5,000",
      "current_reimbursement_amount": "$50,000",
      "retro_reimbursement_amount": "$5,000",
      "total_reimbursement_amount": "$55,000",
      "manual_reimbursement_amount": "$10",
      "current_pmpm": "$5.00",
      "overall_pmpm": "$5.00"
    }],
    "february": [{
      "id": 0,
      "current_members": "10,002",
      "retro_members": "50",
      "current_reimbursement_amount": "$51,000",
      "retro_reimbursement_amount": "$500",
      "total_reimbursement_amount": "$50,510",
      "manual_reimbursement_amount": "$10",
      "current_pmpm": "$5.00",
      "overall_pmpm": "$5.00"
    }],
    "%var": [{
      "id": 0,
      "current_members": "5.00%",
      "retro_members": "5.00%",
      "current_reimbursement_amount": "-7.09%",
      "retro_reimbursement_amount": "-7.09%",
      "total_reimbursement_amount": "-7.09%",
      "manual_reimbursement_amount": "-7.09%",
      "current_pmpm": "-0.90%",
      "overall_pmpm": "-0.90%"
    }],
    "abs_var": [{
      "id": 0,
      "current_members": "700",
      "retro_members": "700",
      "current_reimbursement_amount": "-500",
      "retro_reimbursement_amount": "-500",
      "total_reimbursement_amount": "-500",
      "manual_reimbursement_amount": "-500",
      "current_pmpm": "0.365",
      "overall_pmpm": "0.365"
    }]
  }
]
