{
    "calGroups" : [
        {	"calculationGroupLevelCode": "LOB",
            "calculationGroupLevelValueKey": "1",
            "calculationGroupLevelValueText": "Medicare Advantage - Daily"            
        },
        {	"calculationGroupLevelCode": "LOB",
            "calculationGroupLevelValueKey": "2",
            "calculationGroupLevelValueText": "Medicare Advantage - Monthly"            
        },
        {	"calculationGroupLevelCode": "LOB",
            "calculationGroupLevelValueKey": "3",
            "calculationGroupLevelValueText": "Medicaid"
            
        },
        {	"calculationGroupLevelCode": "LOB",
            "calculationGroupLevelValueKey": "4",
            "calculationGroupLevelValueText": "ACO"
            
        },
        {	"calculationGroupLevelCode": "LOB",
            "calculationGroupLevelValueKey": "5",
            "calculationGroupLevelValueText": "Group"
            
        },
        {	"calculationGroupLevelCode": "LOB",
            "calculationGroupLevelValueKey": "6",
            "calculationGroupLevelValueText": "Retail"
            
        }
    ]
}