[
    {
      "pin_group_name": "zzzzz",
      "pin_group_id": "yyyyy",
      "pay_to_pfin": "jkashjasj",
      "TIN": "juiokloi",
      "vbr_payee_eff_date": "01/12/20",
      "vbr_payee_end_date": "mm/dd/yy",
      "id": 1
    },
    {
      "pin_group_name": "2xxxx",
      "pin_group_id": "3yyyyy",
      "pay_to_pfin": "4jkashjasj",
      "TIN": "5juiokloi",
      "vbr_payee_eff_date": "06/12/20",
      "vbr_payee_end_date": "10/dd/yy",
      "id": 2
    },
    {
      "pin_group_name": "2xxxx",
      "pin_group_id": "3yyyyy",
      "pay_to_pfin": "4jkashjasj",
      "TIN": "5juiokloi",
      "vbr_payee_eff_date": "06/12/20",
      "vbr_payee_end_date": "10/dd/yy",
      "id": 2
    },
    {
      "pin_group_name": "2xxxx",
      "pin_group_id": "3yyyyy",
      "pay_to_pfin": "4jkashjasj",
      "TIN": "5juiokloi",
      "vbr_payee_eff_date": "06/12/20",
      "vbr_payee_end_date": "10/dd/yy",
      "id": 2
    },
    {
      "pin_group_name": "2xxxx",
      "pin_group_id": "3yyyyy",
      "pay_to_pfin": "4jkashjasj",
      "TIN": "5juiokloi",
      "vbr_payee_eff_date": "06/12/20",
      "vbr_payee_end_date": "10/dd/yy",
      "id": 2
    },
    {
      "pin_group_name": "2xxxx",
      "pin_group_id": "3yyyyy",
      "pay_to_pfin": "4jkashjasj",
      "TIN": "5juiokloi",
      "vbr_payee_eff_date": "06/12/20",
      "vbr_payee_end_date": "10/dd/yy",
      "id": 2
    },
    {
      "pin_group_name": "2xxxx",
      "pin_group_id": "3yyyyy",
      "pay_to_pfin": "4jkashjasj",
      "TIN": "5juiokloi",
      "vbr_payee_eff_date": "06/12/20",
      "vbr_payee_end_date": "10/dd/yy",
      "id": 2
    }
  ]