[{
    "pinGroupName": "zzzzz",
    "pinGroupId": "yyyyy",
    "payToPfinId": "jkashjasj",
    "taxIdNumber": "juiokloi",
    "vbrEffDate": "01/12/2016",
    "vbrEndDate": "02/12/2019",
    "networkAssociationName": "TESTNAME1",
    "networkAssociationID": "TESTID1",
    "networkAssociationEffectiveDate": "02/03/2016",
    "networkAssociationEndDate": "01/04/2018",
    "networkCode": "XYXYXY",
    "processCode": "YZYZYZ",
    "tinEffectiveDate": "12/11/2015",
    "tinEndDate": "11/10/2018",
    "capitationCode": "A1-ABQHP Capitation",
    "corporateEntityCode": "A2A3A4",
    "pinGroupEffectiveDate": "02/02/2016",
    "pinGroupEndDate": "01/04/2019",
    "pfinEffectiveDate": "02/01/2015",
    "pfinEndDate": "01/03/2016",
    "payToPFINPayeeAddress": {
      "addressLine1": "123 Main St",
      "addressLine2": "Suite 2300",
      "city": "Chicago",
      "state": "IL",
      "zipCode": "60601"
    },
    "payeeAddress": {
      "addressLine1": "123 Main St",
      "addressLine2": "Suite 2300",
      "city": "Chicago",
      "state": "IL",
      "zipCode": "60601"
    }
  },
  {
    "pinGroupName": "2xxxx",
    "pinGroupId": "3yyyyy",
    "payToPfinId": "4jkashjasj",
    "taxIdNumber": "5juiokloi",
    "vbrEffDate": "06/12/20",
    "vbrEndDate": "10/dd/yy",
    "networkAssociationName": "TESTNAME2",
    "networkAssociationID": "TESTID2",
    "networkAssociationEffectiveDate": "02/03/2017",
    "networkAssociationEndDate": "01/04/2019",
    "networkCode": "YYXYYY",
    "processCode": "YZYZYZ",
    "tinEffectiveDate": "12/11/2015",
    "tinEndDate": "11/10/2018",
    "capitationCode": "A3-ABQHP Capitation",
    "corporateEntityCode": "A1A3B4",
    "pinGroupEffectiveDate": "02/02/2016",
    "pinGroupEndDate": "01/04/2019",
    "pfinEffectiveDate": "02/01/2015",
    "pfinEndDate": "01/03/2016",
    "payToPFINPayeeAddress": {
      "addressLine1": "123 Main St",
      "addressLine2": "Suite 2300",
      "city": "Chicago",
      "state": "IL",
      "zipCode": "60601"
    },
    "payeeAddress": {
      "addressLine1": "123 Main St",
      "addressLine2": "Suite 2300",
      "city": "Chicago",
      "state": "IL",
      "zipCode": "60601"
    }
  },
  {
    "pinGroupName": "2xxxx",
    "pinGroupId": "3yyyyy",
    "payToPfinId": "4jkashjasj",
    "taxIdNumber": "5juiokloi",
    "vbrEffDate": "06/12/20",
    "vbrEndDate": "10/dd/yy",
    "networkAssociationName": "TESTNAME3",
    "networkAssociationID": "TESTID3",
    "networkAssociationEffectiveDate": "02/03/2016",
    "networkAssociationEndDate": "01/04/2018",
    "networkCode": "XYXYXY",
    "processCode": "YZYZYZ",
    "tinEffectiveDate": "12/11/2015",
    "tinEndDate": "11/10/2018",
    "capitationCode": "A3-ABQHP Capitation",
    "corporateEntityCode": "A2A3A4",
    "pinGroupEffectiveDate": "02/02/2016",
    "pinGroupEndDate": "01/04/2019",
    "pfinEffectiveDate": "02/01/2015",
    "pfinEndDate": "01/03/2016",
    "payToPFINPayeeAddress": {
      "addressLine1": "123 Main St",
      "addressLine2": "Suite 2300",
      "city": "Chicago",
      "state": "IL",
      "zipCode": "60601"
    },
    "payeeAddress": {
      "addressLine1": "123 Main St",
      "addressLine2": "Suite 2300",
      "city": "Chicago",
      "state": "IL",
      "zipCode": "60601"
    }
  },
  {
    "pinGroupName": "2xxxx",
    "pinGroupId": "3yyyyy",
    "payToPfinId": "4jkashjasj",
    "taxIdNumber": "5juiokloi",
    "vbrEffDate": "06/12/20",
    "vbrEndDate": "10/dd/yy",
    "networkAssociationName": "TESTNAME4",
    "networkAssociationID": "TESTID4",
    "networkAssociationEffectiveDate": "02/03/2016",
    "networkAssociationEndDate": "01/04/2018",
    "networkCode": "XYXYXY",
    "processCode": "YZYZYZ",
    "tinEffectiveDate": "12/11/2015",
    "tinEndDate": "11/10/2018",
    "capitationCode": "A4-ABQHP Capitation",
    "corporateEntityCode": "A4A3A4",
    "pinGroupEffectiveDate": "02/02/2016",
    "pinGroupEndDate": "01/04/2019",
    "pfinEffectiveDate": "02/01/2015",
    "pfinEndDate": "01/03/2016",
    "payToPFINPayeeAddress": {
      "addressLine1": "123 Main St",
      "addressLine2": "Suite 2300",
      "city": "Chicago",
      "state": "IL",
      "zipCode": "60601"
    },
    "payeeAddress": {
      "addressLine1": "123 Main St",
      "addressLine2": "Suite 2300",
      "city": "Chicago",
      "state": "IL",
      "zipCode": "60601"
    }
  },
  {
    "pinGroupName": "2xxxx",
    "pinGroupId": "3yyyyy",
    "payToPfinId": "4jkashjasj",
    "taxIdNumber": "5juiokloi",
    "vbrEffDate": "06/12/20",
    "vbrEndDate": "10/dd/yy",
    "networkAssociationName": "TESTNAME5",
    "networkAssociationID": "TESTID5",
    "networkAssociationEffectiveDate": "02/03/2016",
    "networkAssociationEndDate": "01/04/2018",
    "networkCode": "XYXYXY",
    "processCode": "YZYZYZ",
    "tinEffectiveDate": "12/11/2015",
    "tinEndDate": "11/10/2018",
    "capitationCode": "A5-ABQHP Capitation",
    "corporateEntityCode": "A5A3A4",
    "pinGroupEffectiveDate": "02/02/2016",
    "pinGroupEndDate": "01/04/2019",
    "pfinEffectiveDate": "02/01/2015",
    "pfinEndDate": "01/03/2016",
    "payToPFINPayeeAddress": {
      "addressLine1": "123 Main St",
      "addressLine2": "Suite 2300",
      "city": "Chicago",
      "state": "IL",
      "zipCode": "60601"
    },
    "payeeAddress": {
      "addressLine1": "123 Main St",
      "addressLine2": "Suite 2300",
      "city": "Chicago",
      "state": "IL",
      "zipCode": "60601"
    }
  },
  {
    "pinGroupName": "2xxxx",
    "pinGroupId": "3yyyyy",
    "payToPfinId": "4jkashjasj",
    "taxIdNumber": "5juiokloi",
    "vbrEffDate": "06/12/20",
    "vbrEndDate": "10/dd/yy",
    "networkAssociationName": "TESTNAME6",
    "networkAssociationID": "TESTID6",
    "networkAssociationEffectiveDate": "02/03/2016",
    "networkAssociationEndDate": "01/04/2018",
    "networkCode": "XYXYXY",
    "processCode": "YZYZYZ",
    "tinEffectiveDate": "12/11/2015",
    "tinEndDate": "11/10/2018",
    "capitationCode": "A6-ABQHP Capitation",
    "corporateEntityCode": "A6A3A4",
    "pinGroupEffectiveDate": "02/02/2016",
    "pinGroupEndDate": "01/04/2019",
    "pfinEffectiveDate": "02/01/2015",
    "pfinEndDate": "01/03/2016",
    "payToPFINPayeeAddress": {
      "addressLine1": "123 Main St",
      "addressLine2": "Suite 2300",
      "city": "Chicago",
      "state": "IL",
      "zipCode": "60601"
    },
    "payeeAddress": {
      "addressLine1": "123 Main St",
      "addressLine2": "Suite 2300",
      "city": "Chicago",
      "state": "IL",
      "zipCode": "60601"
    }
  },
  {
    "pinGroupName": "2xxxx",
    "pinGroupId": "3yyyyy",
    "payToPfinId": "4jkashjasj",
    "taxIdNumber": "5juiokloi",
    "vbrEffDate": "06/12/20",
    "vbrEndDate": "10/dd/yy",
    "networkAssociationName": "TESTNAME7",
    "networkAssociationID": "TESTID7",
    "networkAssociationEffectiveDate": "02/03/2016",
    "networkAssociationEndDate": "01/04/2018",
    "networkCode": "XYXYXY",
    "processCode": "YZYZYZ",
    "tinEffectiveDate": "12/11/2015",
    "tinEndDate": "11/10/2018",
    "capitationCode": "A7-ABQHP Capitation",
    "corporateEntityCode": "A7A3A4",
    "pinGroupEffectiveDate": "02/02/2016",
    "pinGroupEndDate": "01/04/2019",
    "pfinEffectiveDate": "02/01/2015",
    "pfinEndDate": "01/03/2016",
    "payToPFINPayeeAddress": {
      "addressLine1": "123 Main St",
      "addressLine2": "Suite 2300",
      "city": "Chicago",
      "state": "IL",
      "zipCode": "60601"
    },
    "payeeAddress": {
      "addressLine1": "123 Main St",
      "addressLine2": "Suite 2300",
      "city": "Chicago",
      "state": "IL",
      "zipCode": "60601"
    }
  },
  {
    "pinGroupName": "2xxxx",
    "pinGroupId": "3yyyyy",
    "payToPfinId": "4jkashjasj",
    "taxIdNumber": "5juiokloi",
    "vbrEffDate": "06/12/20",
    "vbrEndDate": "10/dd/yy",
    "networkAssociationName": "TESTNAME7",
    "networkAssociationID": "TESTID7",
    "networkAssociationEffectiveDate": "02/03/2016",
    "networkAssociationEndDate": "01/04/2018",
    "networkCode": "XYXYXY",
    "processCode": "YZYZYZ",
    "tinEffectiveDate": "12/11/2015",
    "tinEndDate": "11/10/2018",
    "capitationCode": "A7-ABQHP Capitation",
    "corporateEntityCode": "A7A3A4",
    "pinGroupEffectiveDate": "02/02/2016",
    "pinGroupEndDate": "01/04/2019",
    "pfinEffectiveDate": "02/01/2015",
    "pfinEndDate": "01/03/2016",
    "payToPFINPayeeAddress": {
      "addressLine1": "123 Main St",
      "addressLine2": "Suite 2300",
      "city": "Chicago",
      "state": "IL",
      "zipCode": "60601"
    },
    "payeeAddress": {
      "addressLine1": "123 Main St",
      "addressLine2": "Suite 2300",
      "city": "Chicago",
      "state": "IL",
      "zipCode": "60601"
    }
  },
  {
    "pinGroupName": "2xxxx",
    "pinGroupId": "3yyyyy",
    "payToPfinId": "4jkashjasj",
    "taxIdNumber": "5juiokloi",
    "vbrEffDate": "06/12/20",
    "vbrEndDate": "10/dd/yy",
    "networkAssociationName": "TESTNAME7",
    "networkAssociationID": "TESTID7",
    "networkAssociationEffectiveDate": "02/03/2016",
    "networkAssociationEndDate": "01/04/2018",
    "networkCode": "XYXYXY",
    "processCode": "YZYZYZ",
    "tinEffectiveDate": "12/11/2015",
    "tinEndDate": "11/10/2018",
    "capitationCode": "A7-ABQHP Capitation",
    "corporateEntityCode": "A7A3A4",
    "pinGroupEffectiveDate": "02/02/2016",
    "pinGroupEndDate": "01/04/2019",
    "pfinEffectiveDate": "02/01/2015",
    "pfinEndDate": "01/03/2016",
    "payToPFINPayeeAddress": {
      "addressLine1": "123 Main St",
      "addressLine2": "Suite 2300",
      "city": "Chicago",
      "state": "IL",
      "zipCode": "60601"
    },
    "payeeAddress": {
      "addressLine1": "123 Main St",
      "addressLine2": "Suite 2300",
      "city": "Chicago",
      "state": "IL",
      "zipCode": "60601"
    }
  },
  {
    "pinGroupName": "2xxxx",
    "pinGroupId": "3yyyyy",
    "payToPfinId": "4jkashjasj",
    "taxIdNumber": "5juiokloi",
    "vbrEffDate": "06/12/20",
    "vbrEndDate": "10/dd/yy",
    "networkAssociationName": "TESTNAME7",
    "networkAssociationID": "TESTID7",
    "networkAssociationEffectiveDate": "02/03/2016",
    "networkAssociationEndDate": "01/04/2018",
    "networkCode": "XYXYXY",
    "processCode": "YZYZYZ",
    "tinEffectiveDate": "12/11/2015",
    "tinEndDate": "11/10/2018",
    "capitationCode": "A7-ABQHP Capitation",
    "corporateEntityCode": "A7A3A4",
    "pinGroupEffectiveDate": "02/02/2016",
    "pinGroupEndDate": "01/04/2019",
    "pfinEffectiveDate": "02/01/2015",
    "pfinEndDate": "01/03/2016",
    "payToPFINPayeeAddress": {
      "addressLine1": "123 Main St",
      "addressLine2": "Suite 2300",
      "city": "Chicago",
      "state": "IL",
      "zipCode": "60601"
    },
    "payeeAddress": {
      "addressLine1": "123 Main St",
      "addressLine2": "Suite 2300",
      "city": "Chicago",
      "state": "IL",
      "zipCode": "60601"
    }
  },
  {
    "pinGroupName": "2xxxx",
    "pinGroupId": "3yyyyy",
    "payToPfinId": "4jkashjasj",
    "taxIdNumber": "5juiokloi",
    "vbrEffDate": "06/12/20",
    "vbrEndDate": "10/dd/yy",
    "networkAssociationName": "TESTNAME7",
    "networkAssociationID": "TESTID7",
    "networkAssociationEffectiveDate": "02/03/2016",
    "networkAssociationEndDate": "01/04/2018",
    "networkCode": "XYXYXY",
    "processCode": "YZYZYZ",
    "tinEffectiveDate": "12/11/2015",
    "tinEndDate": "11/10/2018",
    "capitationCode": "A7-ABQHP Capitation",
    "corporateEntityCode": "A7A3A4",
    "pinGroupEffectiveDate": "02/02/2016",
    "pinGroupEndDate": "01/04/2019",
    "pfinEffectiveDate": "02/01/2015",
    "pfinEndDate": "01/03/2016",
    "payToPFINPayeeAddress": {
      "addressLine1": "123 Main St",
      "addressLine2": "Suite 2300",
      "city": "Chicago",
      "state": "IL",
      "zipCode": "60601"
    },
    "payeeAddress": {
      "addressLine1": "123 Main St",
      "addressLine2": "Suite 2300",
      "city": "Chicago",
      "state": "IL",
      "zipCode": "60601"
    }
  },
  {
    "pinGroupName": "2xxxx",
    "pinGroupId": "3yyyyy",
    "payToPfinId": "4jkashjasj",
    "taxIdNumber": "5juiokloi",
    "vbrEffDate": "06/12/20",
    "vbrEndDate": "10/dd/yy",
    "networkAssociationName": "TESTNAME7",
    "networkAssociationID": "TESTID7",
    "networkAssociationEffectiveDate": "02/03/2016",
    "networkAssociationEndDate": "01/04/2018",
    "networkCode": "XYXYXY",
    "processCode": "YZYZYZ",
    "tinEffectiveDate": "12/11/2015",
    "tinEndDate": "11/10/2018",
    "capitationCode": "A7-ABQHP Capitation",
    "corporateEntityCode": "A7A3A4",
    "pinGroupEffectiveDate": "02/02/2016",
    "pinGroupEndDate": "01/04/2019",
    "pfinEffectiveDate": "02/01/2015",
    "pfinEndDate": "01/03/2016",
    "payToPFINPayeeAddress": {
      "addressLine1": "123 Main St",
      "addressLine2": "Suite 2300",
      "city": "Chicago",
      "state": "IL",
      "zipCode": "60601"
    },
    "payeeAddress": {
      "addressLine1": "123 Main St",
      "addressLine2": "Suite 2300",
      "city": "Chicago",
      "state": "IL",
      "zipCode": "60601"
    }
  },
  {
    "pinGroupName": "2xxxx",
    "pinGroupId": "3yyyyy",
    "payToPfinId": "4jkashjasj",
    "taxIdNumber": "5juiokloi",
    "vbrEffDate": "06/12/20",
    "vbrEndDate": "10/dd/yy",
    "networkAssociationName": "TESTNAME7",
    "networkAssociationID": "TESTID7",
    "networkAssociationEffectiveDate": "02/03/2016",
    "networkAssociationEndDate": "01/04/2018",
    "networkCode": "XYXYXY",
    "processCode": "YZYZYZ",
    "tinEffectiveDate": "12/11/2015",
    "tinEndDate": "11/10/2018",
    "capitationCode": "A7-ABQHP Capitation",
    "corporateEntityCode": "A7A3A4",
    "pinGroupEffectiveDate": "02/02/2016",
    "pinGroupEndDate": "01/04/2019",
    "pfinEffectiveDate": "02/01/2015",
    "pfinEndDate": "01/03/2016",
    "payToPFINPayeeAddress": {
      "addressLine1": "123 Main St",
      "addressLine2": "Suite 2300",
      "city": "Chicago",
      "state": "IL",
      "zipCode": "60601"
    },
    "payeeAddress": {
      "addressLine1": "123 Main St",
      "addressLine2": "Suite 2300",
      "city": "Chicago",
      "state": "IL",
      "zipCode": "60601"
    }
  },
  {
    "pinGroupName": "2xxxx",
    "pinGroupId": "3yyyyy",
    "payToPfinId": "4jkashjasj",
    "taxIdNumber": "5juiokloi",
    "vbrEffDate": "06/12/20",
    "vbrEndDate": "10/dd/yy",
    "networkAssociationName": "TESTNAME7",
    "networkAssociationID": "TESTID7",
    "networkAssociationEffectiveDate": "02/03/2016",
    "networkAssociationEndDate": "01/04/2018",
    "networkCode": "XYXYXY",
    "processCode": "YZYZYZ",
    "tinEffectiveDate": "12/11/2015",
    "tinEndDate": "11/10/2018",
    "capitationCode": "A7-ABQHP Capitation",
    "corporateEntityCode": "A7A3A4",
    "pinGroupEffectiveDate": "02/02/2016",
    "pinGroupEndDate": "01/04/2019",
    "pfinEffectiveDate": "02/01/2015",
    "pfinEndDate": "01/03/2016",
    "payToPFINPayeeAddress": {
      "addressLine1": "123 Main St",
      "addressLine2": "Suite 2300",
      "city": "Chicago",
      "state": "IL",
      "zipCode": "60601"
    },
    "payeeAddress": {
      "addressLine1": "123 Main St",
      "addressLine2": "Suite 2300",
      "city": "Chicago",
      "state": "IL",
      "zipCode": "60601"
    }
  },
  {
    "pinGroupName": "2xxxx",
    "pinGroupId": "3yyyyy",
    "payToPfinId": "4jkashjasj",
    "taxIdNumber": "5juiokloi",
    "vbrEffDate": "06/12/20",
    "vbrEndDate": "10/dd/yy",
    "networkAssociationName": "TESTNAME7",
    "networkAssociationID": "TESTID7",
    "networkAssociationEffectiveDate": "02/03/2016",
    "networkAssociationEndDate": "01/04/2018",
    "networkCode": "XYXYXY",
    "processCode": "YZYZYZ",
    "tinEffectiveDate": "12/11/2015",
    "tinEndDate": "11/10/2018",
    "capitationCode": "A7-ABQHP Capitation",
    "corporateEntityCode": "A7A3A4",
    "pinGroupEffectiveDate": "02/02/2016",
    "pinGroupEndDate": "01/04/2019",
    "pfinEffectiveDate": "02/01/2015",
    "pfinEndDate": "01/03/2016",
    "payToPFINPayeeAddress": {
      "addressLine1": "123 Main St",
      "addressLine2": "Suite 2300",
      "city": "Chicago",
      "state": "IL",
      "zipCode": "60601"
    },
    "payeeAddress": {
      "addressLine1": "123 Main St",
      "addressLine2": "Suite 2300",
      "city": "Chicago",
      "state": "IL",
      "zipCode": "60601"
    }
  },
  {
    "pinGroupName": "2xxxx",
    "pinGroupId": "3yyyyy",
    "payToPfinId": "4jkashjasj",
    "taxIdNumber": "5juiokloi",
    "vbrEffDate": "06/12/20",
    "vbrEndDate": "10/dd/yy",
    "networkAssociationName": "TESTNAME7",
    "networkAssociationID": "TESTID7",
    "networkAssociationEffectiveDate": "02/03/2016",
    "networkAssociationEndDate": "01/04/2018",
    "networkCode": "XYXYXY",
    "processCode": "YZYZYZ",
    "tinEffectiveDate": "12/11/2015",
    "tinEndDate": "11/10/2018",
    "capitationCode": "A7-ABQHP Capitation",
    "corporateEntityCode": "A7A3A4",
    "pinGroupEffectiveDate": "02/02/2016",
    "pinGroupEndDate": "01/04/2019",
    "pfinEffectiveDate": "02/01/2015",
    "pfinEndDate": "01/03/2016",
    "payToPFINPayeeAddress": {
      "addressLine1": "123 Main St",
      "addressLine2": "Suite 2300",
      "city": "Chicago",
      "state": "IL",
      "zipCode": "60601"
    },
    "payeeAddress": {
      "addressLine1": "123 Main St",
      "addressLine2": "Suite 2300",
      "city": "Chicago",
      "state": "IL",
      "zipCode": "60601"
    }
  },
  {
    "pinGroupName": "2xxxx",
    "pinGroupId": "3yyyyy",
    "payToPfinId": "4jkashjasj",
    "taxIdNumber": "5juiokloi",
    "vbrEffDate": "06/12/20",
    "vbrEndDate": "10/dd/yy",
    "networkAssociationName": "TESTNAME7",
    "networkAssociationID": "TESTID7",
    "networkAssociationEffectiveDate": "02/03/2016",
    "networkAssociationEndDate": "01/04/2018",
    "networkCode": "XYXYXY",
    "processCode": "YZYZYZ",
    "tinEffectiveDate": "12/11/2015",
    "tinEndDate": "11/10/2018",
    "capitationCode": "A7-ABQHP Capitation",
    "corporateEntityCode": "A7A3A4",
    "pinGroupEffectiveDate": "02/02/2016",
    "pinGroupEndDate": "01/04/2019",
    "pfinEffectiveDate": "02/01/2015",
    "pfinEndDate": "01/03/2016",
    "payToPFINPayeeAddress": {
      "addressLine1": "123 Main St",
      "addressLine2": "Suite 2300",
      "city": "Chicago",
      "state": "IL",
      "zipCode": "60601"
    },
    "payeeAddress": {
      "addressLine1": "123 Main St",
      "addressLine2": "Suite 2300",
      "city": "Chicago",
      "state": "IL",
      "zipCode": "60601"
    }
  },
  {
    "pinGroupName": "2xxxx",
    "pinGroupId": "3yyyyy",
    "payToPfinId": "4jkashjasj",
    "taxIdNumber": "5juiokloi",
    "vbrEffDate": "06/12/20",
    "vbrEndDate": "10/dd/yy",
    "networkAssociationName": "TESTNAME7",
    "networkAssociationID": "TESTID7",
    "networkAssociationEffectiveDate": "02/03/2016",
    "networkAssociationEndDate": "01/04/2018",
    "networkCode": "XYXYXY",
    "processCode": "YZYZYZ",
    "tinEffectiveDate": "12/11/2015",
    "tinEndDate": "11/10/2018",
    "capitationCode": "A7-ABQHP Capitation",
    "corporateEntityCode": "A7A3A4",
    "pinGroupEffectiveDate": "02/02/2016",
    "pinGroupEndDate": "01/04/2019",
    "pfinEffectiveDate": "02/01/2015",
    "pfinEndDate": "01/03/2016",
    "payToPFINPayeeAddress": {
      "addressLine1": "123 Main St",
      "addressLine2": "Suite 2300",
      "city": "Chicago",
      "state": "IL",
      "zipCode": "60601"
    },
    "payeeAddress": {
      "addressLine1": "123 Main St",
      "addressLine2": "Suite 2300",
      "city": "Chicago",
      "state": "IL",
      "zipCode": "60601"
    }
  },
  {
    "pinGroupName": "2xxxx",
    "pinGroupId": "3yyyyy",
    "payToPfinId": "4jkashjasj",
    "taxIdNumber": "5juiokloi",
    "vbrEffDate": "06/12/20",
    "vbrEndDate": "10/dd/yy",
    "networkAssociationName": "TESTNAME7",
    "networkAssociationID": "TESTID7",
    "networkAssociationEffectiveDate": "02/03/2016",
    "networkAssociationEndDate": "01/04/2018",
    "networkCode": "XYXYXY",
    "processCode": "YZYZYZ",
    "tinEffectiveDate": "12/11/2015",
    "tinEndDate": "11/10/2018",
    "capitationCode": "A7-ABQHP Capitation",
    "corporateEntityCode": "A7A3A4",
    "pinGroupEffectiveDate": "02/02/2016",
    "pinGroupEndDate": "01/04/2019",
    "pfinEffectiveDate": "02/01/2015",
    "pfinEndDate": "01/03/2016",
    "payToPFINPayeeAddress": {
      "addressLine1": "123 Main St",
      "addressLine2": "Suite 2300",
      "city": "Chicago",
      "state": "IL",
      "zipCode": "60601"
    },
    "payeeAddress": {
      "addressLine1": "123 Main St",
      "addressLine2": "Suite 2300",
      "city": "Chicago",
      "state": "IL",
      "zipCode": "60601"
    }
  },
  {
    "pinGroupName": "2xxxx",
    "pinGroupId": "3yyyyy",
    "payToPfinId": "4jkashjasj",
    "taxIdNumber": "5juiokloi",
    "vbrEffDate": "06/12/20",
    "vbrEndDate": "10/dd/yy",
    "networkAssociationName": "TESTNAME7",
    "networkAssociationID": "TESTID7",
    "networkAssociationEffectiveDate": "02/03/2016",
    "networkAssociationEndDate": "01/04/2018",
    "networkCode": "XYXYXY",
    "processCode": "YZYZYZ",
    "tinEffectiveDate": "12/11/2015",
    "tinEndDate": "11/10/2018",
    "capitationCode": "A7-ABQHP Capitation",
    "corporateEntityCode": "A7A3A4",
    "pinGroupEffectiveDate": "02/02/2016",
    "pinGroupEndDate": "01/04/2019",
    "pfinEffectiveDate": "02/01/2015",
    "pfinEndDate": "01/03/2016",
    "payToPFINPayeeAddress": {
      "addressLine1": "123 Main St",
      "addressLine2": "Suite 2300",
      "city": "Chicago",
      "state": "IL",
      "zipCode": "60601"
    },
    "payeeAddress": {
      "addressLine1": "123 Main St",
      "addressLine2": "Suite 2300",
      "city": "Chicago",
      "state": "IL",
      "zipCode": "60601"
    }
  },
  {
    "pinGroupName": "2xxxx",
    "pinGroupId": "3yyyyy",
    "payToPfinId": "4jkashjasj",
    "taxIdNumber": "5juiokloi",
    "vbrEffDate": "06/12/20",
    "vbrEndDate": "10/dd/yy",
    "networkAssociationName": "TESTNAME7",
    "networkAssociationID": "TESTID7",
    "networkAssociationEffectiveDate": "02/03/2016",
    "networkAssociationEndDate": "01/04/2018",
    "networkCode": "XYXYXY",
    "processCode": "YZYZYZ",
    "tinEffectiveDate": "12/11/2015",
    "tinEndDate": "11/10/2018",
    "capitationCode": "A7-ABQHP Capitation",
    "corporateEntityCode": "A7A3A4",
    "pinGroupEffectiveDate": "02/02/2016",
    "pinGroupEndDate": "01/04/2019",
    "pfinEffectiveDate": "02/01/2015",
    "pfinEndDate": "01/03/2016",
    "payToPFINPayeeAddress": {
      "addressLine1": "123 Main St",
      "addressLine2": "Suite 2300",
      "city": "Chicago",
      "state": "IL",
      "zipCode": "60601"
    },
    "payeeAddress": {
      "addressLine1": "123 Main St",
      "addressLine2": "Suite 2300",
      "city": "Chicago",
      "state": "IL",
      "zipCode": "60601"
    }
  },
  {
    "pinGroupName": "2xxxx",
    "pinGroupId": "3yyyyy",
    "payToPfinId": "4jkashjasj",
    "taxIdNumber": "5juiokloi",
    "vbrEffDate": "06/12/20",
    "vbrEndDate": "10/dd/yy",
    "networkAssociationName": "TESTNAME7",
    "networkAssociationID": "TESTID7",
    "networkAssociationEffectiveDate": "02/03/2016",
    "networkAssociationEndDate": "01/04/2018",
    "networkCode": "XYXYXY",
    "processCode": "YZYZYZ",
    "tinEffectiveDate": "12/11/2015",
    "tinEndDate": "11/10/2018",
    "capitationCode": "A7-ABQHP Capitation",
    "corporateEntityCode": "A7A3A4",
    "pinGroupEffectiveDate": "02/02/2016",
    "pinGroupEndDate": "01/04/2019",
    "pfinEffectiveDate": "02/01/2015",
    "pfinEndDate": "01/03/2016",
    "payToPFINPayeeAddress": {
      "addressLine1": "123 Main St",
      "addressLine2": "Suite 2300",
      "city": "Chicago",
      "state": "IL",
      "zipCode": "60601"
    },
    "payeeAddress": {
      "addressLine1": "123 Main St",
      "addressLine2": "Suite 2300",
      "city": "Chicago",
      "state": "IL",
      "zipCode": "60601"
    }
  },
  {
    "pinGroupName": "2xxxx",
    "pinGroupId": "3yyyyy",
    "payToPfinId": "4jkashjasj",
    "taxIdNumber": "5juiokloi",
    "vbrEffDate": "06/12/20",
    "vbrEndDate": "10/dd/yy",
    "networkAssociationName": "TESTNAME7",
    "networkAssociationID": "TESTID7",
    "networkAssociationEffectiveDate": "02/03/2016",
    "networkAssociationEndDate": "01/04/2018",
    "networkCode": "XYXYXY",
    "processCode": "YZYZYZ",
    "tinEffectiveDate": "12/11/2015",
    "tinEndDate": "11/10/2018",
    "capitationCode": "A7-ABQHP Capitation",
    "corporateEntityCode": "A7A3A4",
    "pinGroupEffectiveDate": "02/02/2016",
    "pinGroupEndDate": "01/04/2019",
    "pfinEffectiveDate": "02/01/2015",
    "pfinEndDate": "01/03/2016",
    "payToPFINPayeeAddress": {
      "addressLine1": "123 Main St",
      "addressLine2": "Suite 2300",
      "city": "Chicago",
      "state": "IL",
      "zipCode": "60601"
    },
    "payeeAddress": {
      "addressLine1": "123 Main St",
      "addressLine2": "Suite 2300",
      "city": "Chicago",
      "state": "IL",
      "zipCode": "60601"
    }
  },
  {
    "pinGroupName": "2xxxx",
    "pinGroupId": "3yyyyy",
    "payToPfinId": "4jkashjasj",
    "taxIdNumber": "5juiokloi",
    "vbrEffDate": "06/12/20",
    "vbrEndDate": "10/dd/yy",
    "networkAssociationName": "TESTNAME7",
    "networkAssociationID": "TESTID7",
    "networkAssociationEffectiveDate": "02/03/2016",
    "networkAssociationEndDate": "01/04/2018",
    "networkCode": "XYXYXY",
    "processCode": "YZYZYZ",
    "tinEffectiveDate": "12/11/2015",
    "tinEndDate": "11/10/2018",
    "capitationCode": "A7-ABQHP Capitation",
    "corporateEntityCode": "A7A3A4",
    "pinGroupEffectiveDate": "02/02/2016",
    "pinGroupEndDate": "01/04/2019",
    "pfinEffectiveDate": "02/01/2015",
    "pfinEndDate": "01/03/2016",
    "payToPFINPayeeAddress": {
      "addressLine1": "123 Main St",
      "addressLine2": "Suite 2300",
      "city": "Chicago",
      "state": "IL",
      "zipCode": "60601"
    },
    "payeeAddress": {
      "addressLine1": "123 Main St",
      "addressLine2": "Suite 2300",
      "city": "Chicago",
      "state": "IL",
      "zipCode": "60601"
    }
  },
  {
    "pinGroupName": "2xxxx",
    "pinGroupId": "3yyyyy",
    "payToPfinId": "4jkashjasj",
    "taxIdNumber": "5juiokloi",
    "vbrEffDate": "06/12/20",
    "vbrEndDate": "10/dd/yy",
    "networkAssociationName": "TESTNAME7",
    "networkAssociationID": "TESTID7",
    "networkAssociationEffectiveDate": "02/03/2016",
    "networkAssociationEndDate": "01/04/2018",
    "networkCode": "XYXYXY",
    "processCode": "YZYZYZ",
    "tinEffectiveDate": "12/11/2015",
    "tinEndDate": "11/10/2018",
    "capitationCode": "A7-ABQHP Capitation",
    "corporateEntityCode": "A7A3A4",
    "pinGroupEffectiveDate": "02/02/2016",
    "pinGroupEndDate": "01/04/2019",
    "pfinEffectiveDate": "02/01/2015",
    "pfinEndDate": "01/03/2016",
    "payToPFINPayeeAddress": {
      "addressLine1": "123 Main St",
      "addressLine2": "Suite 2300",
      "city": "Chicago",
      "state": "IL",
      "zipCode": "60601"
    },
    "payeeAddress": {
      "addressLine1": "123 Main St",
      "addressLine2": "Suite 2300",
      "city": "Chicago",
      "state": "IL",
      "zipCode": "60601"
    }
  },
  {
    "pinGroupName": "2xxxx",
    "pinGroupId": "3yyyyy",
    "payToPfinId": "4jkashjasj",
    "taxIdNumber": "5juiokloi",
    "vbrEffDate": "06/12/20",
    "vbrEndDate": "10/dd/yy",
    "networkAssociationName": "TESTNAME7",
    "networkAssociationID": "TESTID7",
    "networkAssociationEffectiveDate": "02/03/2016",
    "networkAssociationEndDate": "01/04/2018",
    "networkCode": "XYXYXY",
    "processCode": "YZYZYZ",
    "tinEffectiveDate": "12/11/2015",
    "tinEndDate": "11/10/2018",
    "capitationCode": "A7-ABQHP Capitation",
    "corporateEntityCode": "A7A3A4",
    "pinGroupEffectiveDate": "02/02/2016",
    "pinGroupEndDate": "01/04/2019",
    "pfinEffectiveDate": "02/01/2015",
    "pfinEndDate": "01/03/2016",
    "payToPFINPayeeAddress": {
      "addressLine1": "123 Main St",
      "addressLine2": "Suite 2300",
      "city": "Chicago",
      "state": "IL",
      "zipCode": "60601"
    },
    "payeeAddress": {
      "addressLine1": "123 Main St",
      "addressLine2": "Suite 2300",
      "city": "Chicago",
      "state": "IL",
      "zipCode": "60601"
    }
  },
  {
    "pinGroupName": "2xxxx",
    "pinGroupId": "3yyyyy",
    "payToPfinId": "4jkashjasj",
    "taxIdNumber": "5juiokloi",
    "vbrEffDate": "06/12/20",
    "vbrEndDate": "10/dd/yy",
    "networkAssociationName": "TESTNAME7",
    "networkAssociationID": "TESTID7",
    "networkAssociationEffectiveDate": "02/03/2016",
    "networkAssociationEndDate": "01/04/2018",
    "networkCode": "XYXYXY",
    "processCode": "YZYZYZ",
    "tinEffectiveDate": "12/11/2015",
    "tinEndDate": "11/10/2018",
    "capitationCode": "A7-ABQHP Capitation",
    "corporateEntityCode": "A7A3A4",
    "pinGroupEffectiveDate": "02/02/2016",
    "pinGroupEndDate": "01/04/2019",
    "pfinEffectiveDate": "02/01/2015",
    "pfinEndDate": "01/03/2016",
    "payToPFINPayeeAddress": {
      "addressLine1": "123 Main St",
      "addressLine2": "Suite 2300",
      "city": "Chicago",
      "state": "IL",
      "zipCode": "60601"
    },
    "payeeAddress": {
      "addressLine1": "123 Main St",
      "addressLine2": "Suite 2300",
      "city": "Chicago",
      "state": "IL",
      "zipCode": "60601"
    }
  }, {
    "pinGroupName": "2xxxx",
    "pinGroupId": "3yyyyy",
    "payToPfinId": "4jkashjasj",
    "taxIdNumber": "5juiokloi",
    "vbrEffDate": "06/12/20",
    "vbrEndDate": "10/dd/yy",
    "networkAssociationName": "TESTNAME7",
    "networkAssociationID": "TESTID7",
    "networkAssociationEffectiveDate": "02/03/2016",
    "networkAssociationEndDate": "01/04/2018",
    "networkCode": "XYXYXY",
    "processCode": "YZYZYZ",
    "tinEffectiveDate": "12/11/2015",
    "tinEndDate": "11/10/2018",
    "capitationCode": "A7-ABQHP Capitation",
    "corporateEntityCode": "A7A3A4",
    "pinGroupEffectiveDate": "02/02/2016",
    "pinGroupEndDate": "01/04/2019",
    "pfinEffectiveDate": "02/01/2015",
    "pfinEndDate": "01/03/2016",
    "payToPFINPayeeAddress": {
      "addressLine1": "123 Main St",
      "addressLine2": "Suite 2300",
      "city": "Chicago",
      "state": "IL",
      "zipCode": "60601"
    },
    "payeeAddress": {
      "addressLine1": "123 Main St",
      "addressLine2": "Suite 2300",
      "city": "Chicago",
      "state": "IL",
      "zipCode": "60601"
    }
  },
  {
    "pinGroupName": "2xxxx",
    "pinGroupId": "3yyyyy",
    "payToPfinId": "4jkashjasj",
    "taxIdNumber": "5juiokloi",
    "vbrEffDate": "06/12/20",
    "vbrEndDate": "10/dd/yy",
    "networkAssociationName": "TESTNAME7",
    "networkAssociationID": "TESTID7",
    "networkAssociationEffectiveDate": "02/03/2016",
    "networkAssociationEndDate": "01/04/2018",
    "networkCode": "XYXYXY",
    "processCode": "YZYZYZ",
    "tinEffectiveDate": "12/11/2015",
    "tinEndDate": "11/10/2018",
    "capitationCode": "A7-ABQHP Capitation",
    "corporateEntityCode": "A7A3A4",
    "pinGroupEffectiveDate": "02/02/2016",
    "pinGroupEndDate": "01/04/2019",
    "pfinEffectiveDate": "02/01/2015",
    "pfinEndDate": "01/03/2016",
    "payToPFINPayeeAddress": {
      "addressLine1": "123 Main St",
      "addressLine2": "Suite 2300",
      "city": "Chicago",
      "state": "IL",
      "zipCode": "60601"
    },
    "payeeAddress": {
      "addressLine1": "123 Main St",
      "addressLine2": "Suite 2300",
      "city": "Chicago",
      "state": "IL",
      "zipCode": "60601"
    }
  },
  {
    "pinGroupName": "2xxxx",
    "pinGroupId": "3yyyyy",
    "payToPfinId": "4jkashjasj",
    "taxIdNumber": "5juiokloi",
    "vbrEffDate": "06/12/20",
    "vbrEndDate": "10/dd/yy",
    "networkAssociationName": "TESTNAME7",
    "networkAssociationID": "TESTID7",
    "networkAssociationEffectiveDate": "02/03/2016",
    "networkAssociationEndDate": "01/04/2018",
    "networkCode": "XYXYXY",
    "processCode": "YZYZYZ",
    "tinEffectiveDate": "12/11/2015",
    "tinEndDate": "11/10/2018",
    "capitationCode": "A7-ABQHP Capitation",
    "corporateEntityCode": "A7A3A4",
    "pinGroupEffectiveDate": "02/02/2016",
    "pinGroupEndDate": "01/04/2019",
    "pfinEffectiveDate": "02/01/2015",
    "pfinEndDate": "01/03/2016",
    "payToPFINPayeeAddress": {
      "addressLine1": "123 Main St",
      "addressLine2": "Suite 2300",
      "city": "Chicago",
      "state": "IL",
      "zipCode": "60601"
    },
    "payeeAddress": {
      "addressLine1": "123 Main St",
      "addressLine2": "Suite 2300",
      "city": "Chicago",
      "state": "IL",
      "zipCode": "60601"
    }
  },
  {
    "pinGroupName": "2xxxx",
    "pinGroupId": "3yyyyy",
    "payToPfinId": "4jkashjasj",
    "taxIdNumber": "5juiokloi",
    "vbrEffDate": "06/12/20",
    "vbrEndDate": "10/dd/yy",
    "networkAssociationName": "TESTNAME7",
    "networkAssociationID": "TESTID7",
    "networkAssociationEffectiveDate": "02/03/2016",
    "networkAssociationEndDate": "01/04/2018",
    "networkCode": "XYXYXY",
    "processCode": "YZYZYZ",
    "tinEffectiveDate": "12/11/2015",
    "tinEndDate": "11/10/2018",
    "capitationCode": "A7-ABQHP Capitation",
    "corporateEntityCode": "A7A3A4",
    "pinGroupEffectiveDate": "02/02/2016",
    "pinGroupEndDate": "01/04/2019",
    "pfinEffectiveDate": "02/01/2015",
    "pfinEndDate": "01/03/2016",
    "payToPFINPayeeAddress": {
      "addressLine1": "123 Main St",
      "addressLine2": "Suite 2300",
      "city": "Chicago",
      "state": "IL",
      "zipCode": "60601"
    },
    "payeeAddress": {
      "addressLine1": "123 Main St",
      "addressLine2": "Suite 2300",
      "city": "Chicago",
      "state": "IL",
      "zipCode": "60601"
    }
  },
  {
    "pinGroupName": "2xxxx",
    "pinGroupId": "3yyyyy",
    "payToPfinId": "4jkashjasj",
    "taxIdNumber": "5juiokloi",
    "vbrEffDate": "06/12/20",
    "vbrEndDate": "10/dd/yy",
    "networkAssociationName": "TESTNAME7",
    "networkAssociationID": "TESTID7",
    "networkAssociationEffectiveDate": "02/03/2016",
    "networkAssociationEndDate": "01/04/2018",
    "networkCode": "XYXYXY",
    "processCode": "YZYZYZ",
    "tinEffectiveDate": "12/11/2015",
    "tinEndDate": "11/10/2018",
    "capitationCode": "A7-ABQHP Capitation",
    "corporateEntityCode": "A7A3A4",
    "pinGroupEffectiveDate": "02/02/2016",
    "pinGroupEndDate": "01/04/2019",
    "pfinEffectiveDate": "02/01/2015",
    "pfinEndDate": "01/03/2016",
    "payToPFINPayeeAddress": {
      "addressLine1": "123 Main St",
      "addressLine2": "Suite 2300",
      "city": "Chicago",
      "state": "IL",
      "zipCode": "60601"
    },
    "payeeAddress": {
      "addressLine1": "123 Main St",
      "addressLine2": "Suite 2300",
      "city": "Chicago",
      "state": "IL",
      "zipCode": "60601"
    }
  },
  {
    "pinGroupName": "2xxxx",
    "pinGroupId": "3yyyyy",
    "payToPfinId": "4jkashjasj",
    "taxIdNumber": "5juiokloi",
    "vbrEffDate": "06/12/20",
    "vbrEndDate": "10/dd/yy",
    "networkAssociationName": "TESTNAME7",
    "networkAssociationID": "TESTID7",
    "networkAssociationEffectiveDate": "02/03/2016",
    "networkAssociationEndDate": "01/04/2018",
    "networkCode": "XYXYXY",
    "processCode": "YZYZYZ",
    "tinEffectiveDate": "12/11/2015",
    "tinEndDate": "11/10/2018",
    "capitationCode": "A7-ABQHP Capitation",
    "corporateEntityCode": "A7A3A4",
    "pinGroupEffectiveDate": "02/02/2016",
    "pinGroupEndDate": "01/04/2019",
    "pfinEffectiveDate": "02/01/2015",
    "pfinEndDate": "01/03/2016",
    "payToPFINPayeeAddress": {
      "addressLine1": "123 Main St",
      "addressLine2": "Suite 2300",
      "city": "Chicago",
      "state": "IL",
      "zipCode": "60601"
    },
    "payeeAddress": {
      "addressLine1": "123 Main St",
      "addressLine2": "Suite 2300",
      "city": "Chicago",
      "state": "IL",
      "zipCode": "60601"
    }
  },
  {
    "pinGroupName": "2xxxx",
    "pinGroupId": "3yyyyy",
    "payToPfinId": "4jkashjasj",
    "taxIdNumber": "5juiokloi",
    "vbrEffDate": "06/12/20",
    "vbrEndDate": "10/dd/yy",
    "networkAssociationName": "TESTNAME7",
    "networkAssociationID": "TESTID7",
    "networkAssociationEffectiveDate": "02/03/2016",
    "networkAssociationEndDate": "01/04/2018",
    "networkCode": "XYXYXY",
    "processCode": "YZYZYZ",
    "tinEffectiveDate": "12/11/2015",
    "tinEndDate": "11/10/2018",
    "capitationCode": "A7-ABQHP Capitation",
    "corporateEntityCode": "A7A3A4",
    "pinGroupEffectiveDate": "02/02/2016",
    "pinGroupEndDate": "01/04/2019",
    "pfinEffectiveDate": "02/01/2015",
    "pfinEndDate": "01/03/2016",
    "payToPFINPayeeAddress": {
      "addressLine1": "123 Main St",
      "addressLine2": "Suite 2300",
      "city": "Chicago",
      "state": "IL",
      "zipCode": "60601"
    },
    "payeeAddress": {
      "addressLine1": "123 Main St",
      "addressLine2": "Suite 2300",
      "city": "Chicago",
      "state": "IL",
      "zipCode": "60601"
    }
  },
  {
    "pinGroupName": "2xxxx",
    "pinGroupId": "3yyyyy",
    "payToPfinId": "4jkashjasj",
    "taxIdNumber": "5juiokloi",
    "vbrEffDate": "06/12/20",
    "vbrEndDate": "10/dd/yy",
    "networkAssociationName": "TESTNAME7",
    "networkAssociationID": "TESTID7",
    "networkAssociationEffectiveDate": "02/03/2016",
    "networkAssociationEndDate": "01/04/2018",
    "networkCode": "XYXYXY",
    "processCode": "YZYZYZ",
    "tinEffectiveDate": "12/11/2015",
    "tinEndDate": "11/10/2018",
    "capitationCode": "A7-ABQHP Capitation",
    "corporateEntityCode": "A7A3A4",
    "pinGroupEffectiveDate": "02/02/2016",
    "pinGroupEndDate": "01/04/2019",
    "pfinEffectiveDate": "02/01/2015",
    "pfinEndDate": "01/03/2016",
    "payToPFINPayeeAddress": {
      "addressLine1": "123 Main St",
      "addressLine2": "Suite 2300",
      "city": "Chicago",
      "state": "IL",
      "zipCode": "60601"
    },
    "payeeAddress": {
      "addressLine1": "123 Main St",
      "addressLine2": "Suite 2300",
      "city": "Chicago",
      "state": "IL",
      "zipCode": "60601"
    }
  },
  {
    "pinGroupName": "2xxxx",
    "pinGroupId": "3yyyyy",
    "payToPfinId": "4jkashjasj",
    "taxIdNumber": "5juiokloi",
    "vbrEffDate": "06/12/20",
    "vbrEndDate": "10/dd/yy",
    "networkAssociationName": "TESTNAME7",
    "networkAssociationID": "TESTID7",
    "networkAssociationEffectiveDate": "02/03/2016",
    "networkAssociationEndDate": "01/04/2018",
    "networkCode": "XYXYXY",
    "processCode": "YZYZYZ",
    "tinEffectiveDate": "12/11/2015",
    "tinEndDate": "11/10/2018",
    "capitationCode": "A7-ABQHP Capitation",
    "corporateEntityCode": "A7A3A4",
    "pinGroupEffectiveDate": "02/02/2016",
    "pinGroupEndDate": "01/04/2019",
    "pfinEffectiveDate": "02/01/2015",
    "pfinEndDate": "01/03/2016",
    "payToPFINPayeeAddress": {
      "addressLine1": "123 Main St",
      "addressLine2": "Suite 2300",
      "city": "Chicago",
      "state": "IL",
      "zipCode": "60601"
    },
    "payeeAddress": {
      "addressLine1": "123 Main St",
      "addressLine2": "Suite 2300",
      "city": "Chicago",
      "state": "IL",
      "zipCode": "60601"
    }
  },
  {
    "pinGroupName": "2xxxx",
    "pinGroupId": "3yyyyy",
    "payToPfinId": "4jkashjasj",
    "taxIdNumber": "5juiokloi",
    "vbrEffDate": "06/12/20",
    "vbrEndDate": "10/dd/yy",
    "networkAssociationName": "TESTNAME7",
    "networkAssociationID": "TESTID7",
    "networkAssociationEffectiveDate": "02/03/2016",
    "networkAssociationEndDate": "01/04/2018",
    "networkCode": "XYXYXY",
    "processCode": "YZYZYZ",
    "tinEffectiveDate": "12/11/2015",
    "tinEndDate": "11/10/2018",
    "capitationCode": "A7-ABQHP Capitation",
    "corporateEntityCode": "A7A3A4",
    "pinGroupEffectiveDate": "02/02/2016",
    "pinGroupEndDate": "01/04/2019",
    "pfinEffectiveDate": "02/01/2015",
    "pfinEndDate": "01/03/2016",
    "payToPFINPayeeAddress": {
      "addressLine1": "123 Main St",
      "addressLine2": "Suite 2300",
      "city": "Chicago",
      "state": "IL",
      "zipCode": "60601"
    },
    "payeeAddress": {
      "addressLine1": "123 Main St",
      "addressLine2": "Suite 2300",
      "city": "Chicago",
      "state": "IL",
      "zipCode": "60601"
    }
  },
  {
    "pinGroupName": "2xxxx",
    "pinGroupId": "3yyyyy",
    "payToPfinId": "4jkashjasj",
    "taxIdNumber": "5juiokloi",
    "vbrEffDate": "06/12/20",
    "vbrEndDate": "10/dd/yy",
    "networkAssociationName": "TESTNAME7",
    "networkAssociationID": "TESTID7",
    "networkAssociationEffectiveDate": "02/03/2016",
    "networkAssociationEndDate": "01/04/2018",
    "networkCode": "XYXYXY",
    "processCode": "YZYZYZ",
    "tinEffectiveDate": "12/11/2015",
    "tinEndDate": "11/10/2018",
    "capitationCode": "A7-ABQHP Capitation",
    "corporateEntityCode": "A7A3A4",
    "pinGroupEffectiveDate": "02/02/2016",
    "pinGroupEndDate": "01/04/2019",
    "pfinEffectiveDate": "02/01/2015",
    "pfinEndDate": "01/03/2016",
    "payToPFINPayeeAddress": {
      "addressLine1": "123 Main St",
      "addressLine2": "Suite 2300",
      "city": "Chicago",
      "state": "IL",
      "zipCode": "60601"
    },
    "payeeAddress": {
      "addressLine1": "123 Main St",
      "addressLine2": "Suite 2300",
      "city": "Chicago",
      "state": "IL",
      "zipCode": "60601"
    }
  },
  {
    "pinGroupName": "2xxxx",
    "pinGroupId": "3yyyyy",
    "payToPfinId": "4jkashjasj",
    "taxIdNumber": "5juiokloi",
    "vbrEffDate": "06/12/20",
    "vbrEndDate": "10/dd/yy",
    "networkAssociationName": "TESTNAME7",
    "networkAssociationID": "TESTID7",
    "networkAssociationEffectiveDate": "02/03/2016",
    "networkAssociationEndDate": "01/04/2018",
    "networkCode": "XYXYXY",
    "processCode": "YZYZYZ",
    "tinEffectiveDate": "12/11/2015",
    "tinEndDate": "11/10/2018",
    "capitationCode": "A7-ABQHP Capitation",
    "corporateEntityCode": "A7A3A4",
    "pinGroupEffectiveDate": "02/02/2016",
    "pinGroupEndDate": "01/04/2019",
    "pfinEffectiveDate": "02/01/2015",
    "pfinEndDate": "01/03/2016",
    "payToPFINPayeeAddress": {
      "addressLine1": "123 Main St",
      "addressLine2": "Suite 2300",
      "city": "Chicago",
      "state": "IL",
      "zipCode": "60601"
    },
    "payeeAddress": {
      "addressLine1": "123 Main St",
      "addressLine2": "Suite 2300",
      "city": "Chicago",
      "state": "IL",
      "zipCode": "60601"
    }
  },
  {
    "pinGroupName": "2xxxx",
    "pinGroupId": "3yyyyy",
    "payToPfinId": "4jkashjasj",
    "taxIdNumber": "5juiokloi",
    "vbrEffDate": "06/12/20",
    "vbrEndDate": "10/dd/yy",
    "networkAssociationName": "TESTNAME7",
    "networkAssociationID": "TESTID7",
    "networkAssociationEffectiveDate": "02/03/2016",
    "networkAssociationEndDate": "01/04/2018",
    "networkCode": "XYXYXY",
    "processCode": "YZYZYZ",
    "tinEffectiveDate": "12/11/2015",
    "tinEndDate": "11/10/2018",
    "capitationCode": "A7-ABQHP Capitation",
    "corporateEntityCode": "A7A3A4",
    "pinGroupEffectiveDate": "02/02/2016",
    "pinGroupEndDate": "01/04/2019",
    "pfinEffectiveDate": "02/01/2015",
    "pfinEndDate": "01/03/2016",
    "payToPFINPayeeAddress": {
      "addressLine1": "123 Main St",
      "addressLine2": "Suite 2300",
      "city": "Chicago",
      "state": "IL",
      "zipCode": "60601"
    },
    "payeeAddress": {
      "addressLine1": "123 Main St",
      "addressLine2": "Suite 2300",
      "city": "Chicago",
      "state": "IL",
      "zipCode": "60601"
    }
  },
  {
    "pinGroupName": "2xxxx",
    "pinGroupId": "3yyyyy",
    "payToPfinId": "4jkashjasj",
    "taxIdNumber": "5juiokloi",
    "vbrEffDate": "06/12/20",
    "vbrEndDate": "10/dd/yy",
    "networkAssociationName": "TESTNAME7",
    "networkAssociationID": "TESTID7",
    "networkAssociationEffectiveDate": "02/03/2016",
    "networkAssociationEndDate": "01/04/2018",
    "networkCode": "XYXYXY",
    "processCode": "YZYZYZ",
    "tinEffectiveDate": "12/11/2015",
    "tinEndDate": "11/10/2018",
    "capitationCode": "A7-ABQHP Capitation",
    "corporateEntityCode": "A7A3A4",
    "pinGroupEffectiveDate": "02/02/2016",
    "pinGroupEndDate": "01/04/2019",
    "pfinEffectiveDate": "02/01/2015",
    "pfinEndDate": "01/03/2016",
    "payToPFINPayeeAddress": {
      "addressLine1": "123 Main St",
      "addressLine2": "Suite 2300",
      "city": "Chicago",
      "state": "IL",
      "zipCode": "60601"
    },
    "payeeAddress": {
      "addressLine1": "123 Main St",
      "addressLine2": "Suite 2300",
      "city": "Chicago",
      "state": "IL",
      "zipCode": "60601"
    }
  },
  {
    "pinGroupName": "2xxxx",
    "pinGroupId": "3yyyyy",
    "payToPfinId": "4jkashjasj",
    "taxIdNumber": "5juiokloi",
    "vbrEffDate": "06/12/20",
    "vbrEndDate": "10/dd/yy",
    "networkAssociationName": "TESTNAME7",
    "networkAssociationID": "TESTID7",
    "networkAssociationEffectiveDate": "02/03/2016",
    "networkAssociationEndDate": "01/04/2018",
    "networkCode": "XYXYXY",
    "processCode": "YZYZYZ",
    "tinEffectiveDate": "12/11/2015",
    "tinEndDate": "11/10/2018",
    "capitationCode": "A7-ABQHP Capitation",
    "corporateEntityCode": "A7A3A4",
    "pinGroupEffectiveDate": "02/02/2016",
    "pinGroupEndDate": "01/04/2019",
    "pfinEffectiveDate": "02/01/2015",
    "pfinEndDate": "01/03/2016",
    "payToPFINPayeeAddress": {
      "addressLine1": "123 Main St",
      "addressLine2": "Suite 2300",
      "city": "Chicago",
      "state": "IL",
      "zipCode": "60601"
    },
    "payeeAddress": {
      "addressLine1": "123 Main St",
      "addressLine2": "Suite 2300",
      "city": "Chicago",
      "state": "IL",
      "zipCode": "60601"
    }
  },
  {
    "pinGroupName": "2xxxx",
    "pinGroupId": "3yyyyy",
    "payToPfinId": "4jkashjasj",
    "taxIdNumber": "5juiokloi",
    "vbrEffDate": "06/12/20",
    "vbrEndDate": "10/dd/yy",
    "networkAssociationName": "TESTNAME7",
    "networkAssociationID": "TESTID7",
    "networkAssociationEffectiveDate": "02/03/2016",
    "networkAssociationEndDate": "01/04/2018",
    "networkCode": "XYXYXY",
    "processCode": "YZYZYZ",
    "tinEffectiveDate": "12/11/2015",
    "tinEndDate": "11/10/2018",
    "capitationCode": "A7-ABQHP Capitation",
    "corporateEntityCode": "A7A3A4",
    "pinGroupEffectiveDate": "02/02/2016",
    "pinGroupEndDate": "01/04/2019",
    "pfinEffectiveDate": "02/01/2015",
    "pfinEndDate": "01/03/2016",
    "payToPFINPayeeAddress": {
      "addressLine1": "123 Main St",
      "addressLine2": "Suite 2300",
      "city": "Chicago",
      "state": "IL",
      "zipCode": "60601"
    },
    "payeeAddress": {
      "addressLine1": "123 Main St",
      "addressLine2": "Suite 2300",
      "city": "Chicago",
      "state": "IL",
      "zipCode": "60601"
    }
  },
  {
    "pinGroupName": "2xxxx",
    "pinGroupId": "3yyyyy",
    "payToPfinId": "4jkashjasj",
    "taxIdNumber": "5juiokloi",
    "vbrEffDate": "06/12/20",
    "vbrEndDate": "10/dd/yy",
    "networkAssociationName": "TESTNAME7",
    "networkAssociationID": "TESTID7",
    "networkAssociationEffectiveDate": "02/03/2016",
    "networkAssociationEndDate": "01/04/2018",
    "networkCode": "XYXYXY",
    "processCode": "YZYZYZ",
    "tinEffectiveDate": "12/11/2015",
    "tinEndDate": "11/10/2018",
    "capitationCode": "A7-ABQHP Capitation",
    "corporateEntityCode": "A7A3A4",
    "pinGroupEffectiveDate": "02/02/2016",
    "pinGroupEndDate": "01/04/2019",
    "pfinEffectiveDate": "02/01/2015",
    "pfinEndDate": "01/03/2016",
    "payToPFINPayeeAddress": {
      "addressLine1": "123 Main St",
      "addressLine2": "Suite 2300",
      "city": "Chicago",
      "state": "IL",
      "zipCode": "60601"
    },
    "payeeAddress": {
      "addressLine1": "123 Main St",
      "addressLine2": "Suite 2300",
      "city": "Chicago",
      "state": "IL",
      "zipCode": "60601"
    }
  },
  {
    "pinGroupName": "2xxxx",
    "pinGroupId": "3yyyyy",
    "payToPfinId": "4jkashjasj",
    "taxIdNumber": "5juiokloi",
    "vbrEffDate": "06/12/20",
    "vbrEndDate": "10/dd/yy",
    "networkAssociationName": "TESTNAME7",
    "networkAssociationID": "TESTID7",
    "networkAssociationEffectiveDate": "02/03/2016",
    "networkAssociationEndDate": "01/04/2018",
    "networkCode": "XYXYXY",
    "processCode": "YZYZYZ",
    "tinEffectiveDate": "12/11/2015",
    "tinEndDate": "11/10/2018",
    "capitationCode": "A7-ABQHP Capitation",
    "corporateEntityCode": "A7A3A4",
    "pinGroupEffectiveDate": "02/02/2016",
    "pinGroupEndDate": "01/04/2019",
    "pfinEffectiveDate": "02/01/2015",
    "pfinEndDate": "01/03/2016",
    "payToPFINPayeeAddress": {
      "addressLine1": "123 Main St",
      "addressLine2": "Suite 2300",
      "city": "Chicago",
      "state": "IL",
      "zipCode": "60601"
    },
    "payeeAddress": {
      "addressLine1": "123 Main St",
      "addressLine2": "Suite 2300",
      "city": "Chicago",
      "state": "IL",
      "zipCode": "60601"
    }
  },
  {
    "pinGroupName": "2xxxx",
    "pinGroupId": "3yyyyy",
    "payToPfinId": "4jkashjasj",
    "taxIdNumber": "5juiokloi",
    "vbrEffDate": "06/12/20",
    "vbrEndDate": "10/dd/yy",
    "networkAssociationName": "TESTNAME7",
    "networkAssociationID": "TESTID7",
    "networkAssociationEffectiveDate": "02/03/2016",
    "networkAssociationEndDate": "01/04/2018",
    "networkCode": "XYXYXY",
    "processCode": "YZYZYZ",
    "tinEffectiveDate": "12/11/2015",
    "tinEndDate": "11/10/2018",
    "capitationCode": "A7-ABQHP Capitation",
    "corporateEntityCode": "A7A3A4",
    "pinGroupEffectiveDate": "02/02/2016",
    "pinGroupEndDate": "01/04/2019",
    "pfinEffectiveDate": "02/01/2015",
    "pfinEndDate": "01/03/2016",
    "payToPFINPayeeAddress": {
      "addressLine1": "123 Main St",
      "addressLine2": "Suite 2300",
      "city": "Chicago",
      "state": "IL",
      "zipCode": "60601"
    },
    "payeeAddress": {
      "addressLine1": "123 Main St",
      "addressLine2": "Suite 2300",
      "city": "Chicago",
      "state": "IL",
      "zipCode": "60601"
    }
  },
  {
    "pinGroupName": "2xxxx",
    "pinGroupId": "3yyyyy",
    "payToPfinId": "4jkashjasj",
    "taxIdNumber": "5juiokloi",
    "vbrEffDate": "06/12/20",
    "vbrEndDate": "10/dd/yy",
    "networkAssociationName": "TESTNAME7",
    "networkAssociationID": "TESTID7",
    "networkAssociationEffectiveDate": "02/03/2016",
    "networkAssociationEndDate": "01/04/2018",
    "networkCode": "XYXYXY",
    "processCode": "YZYZYZ",
    "tinEffectiveDate": "12/11/2015",
    "tinEndDate": "11/10/2018",
    "capitationCode": "A7-ABQHP Capitation",
    "corporateEntityCode": "A7A3A4",
    "pinGroupEffectiveDate": "02/02/2016",
    "pinGroupEndDate": "01/04/2019",
    "pfinEffectiveDate": "02/01/2015",
    "pfinEndDate": "01/03/2016",
    "payToPFINPayeeAddress": {
      "addressLine1": "123 Main St",
      "addressLine2": "Suite 2300",
      "city": "Chicago",
      "state": "IL",
      "zipCode": "60601"
    },
    "payeeAddress": {
      "addressLine1": "123 Main St",
      "addressLine2": "Suite 2300",
      "city": "Chicago",
      "state": "IL",
      "zipCode": "60601"
    }
  },
  {
    "pinGroupName": "2xxxx",
    "pinGroupId": "3yyyyy",
    "payToPfinId": "4jkashjasj",
    "taxIdNumber": "5juiokloi",
    "vbrEffDate": "06/12/20",
    "vbrEndDate": "10/dd/yy",
    "networkAssociationName": "TESTNAME7",
    "networkAssociationID": "TESTID7",
    "networkAssociationEffectiveDate": "02/03/2016",
    "networkAssociationEndDate": "01/04/2018",
    "networkCode": "XYXYXY",
    "processCode": "YZYZYZ",
    "tinEffectiveDate": "12/11/2015",
    "tinEndDate": "11/10/2018",
    "capitationCode": "A7-ABQHP Capitation",
    "corporateEntityCode": "A7A3A4",
    "pinGroupEffectiveDate": "02/02/2016",
    "pinGroupEndDate": "01/04/2019",
    "pfinEffectiveDate": "02/01/2015",
    "pfinEndDate": "01/03/2016",
    "payToPFINPayeeAddress": {
      "addressLine1": "123 Main St",
      "addressLine2": "Suite 2300",
      "city": "Chicago",
      "state": "IL",
      "zipCode": "60601"
    },
    "payeeAddress": {
      "addressLine1": "123 Main St",
      "addressLine2": "Suite 2300",
      "city": "Chicago",
      "state": "IL",
      "zipCode": "60601"
    }
  },
  {
    "pinGroupName": "2xxxx",
    "pinGroupId": "3yyyyy",
    "payToPfinId": "4jkashjasj",
    "taxIdNumber": "5juiokloi",
    "vbrEffDate": "06/12/20",
    "vbrEndDate": "10/dd/yy",
    "networkAssociationName": "TESTNAME7",
    "networkAssociationID": "TESTID7",
    "networkAssociationEffectiveDate": "02/03/2016",
    "networkAssociationEndDate": "01/04/2018",
    "networkCode": "XYXYXY",
    "processCode": "YZYZYZ",
    "tinEffectiveDate": "12/11/2015",
    "tinEndDate": "11/10/2018",
    "capitationCode": "A7-ABQHP Capitation",
    "corporateEntityCode": "A7A3A4",
    "pinGroupEffectiveDate": "02/02/2016",
    "pinGroupEndDate": "01/04/2019",
    "pfinEffectiveDate": "02/01/2015",
    "pfinEndDate": "01/03/2016",
    "payToPFINPayeeAddress": {
      "addressLine1": "123 Main St",
      "addressLine2": "Suite 2300",
      "city": "Chicago",
      "state": "IL",
      "zipCode": "60601"
    },
    "payeeAddress": {
      "addressLine1": "123 Main St",
      "addressLine2": "Suite 2300",
      "city": "Chicago",
      "state": "IL",
      "zipCode": "60601"
    }
  },
  {
    "pinGroupName": "2xxxx",
    "pinGroupId": "3yyyyy",
    "payToPfinId": "4jkashjasj",
    "taxIdNumber": "5juiokloi",
    "vbrEffDate": "06/12/20",
    "vbrEndDate": "10/dd/yy",
    "networkAssociationName": "TESTNAME7",
    "networkAssociationID": "TESTID7",
    "networkAssociationEffectiveDate": "02/03/2016",
    "networkAssociationEndDate": "01/04/2018",
    "networkCode": "XYXYXY",
    "processCode": "YZYZYZ",
    "tinEffectiveDate": "12/11/2015",
    "tinEndDate": "11/10/2018",
    "capitationCode": "A7-ABQHP Capitation",
    "corporateEntityCode": "A7A3A4",
    "pinGroupEffectiveDate": "02/02/2016",
    "pinGroupEndDate": "01/04/2019",
    "pfinEffectiveDate": "02/01/2015",
    "pfinEndDate": "01/03/2016",
    "payToPFINPayeeAddress": {
      "addressLine1": "123 Main St",
      "addressLine2": "Suite 2300",
      "city": "Chicago",
      "state": "IL",
      "zipCode": "60601"
    },
    "payeeAddress": {
      "addressLine1": "123 Main St",
      "addressLine2": "Suite 2300",
      "city": "Chicago",
      "state": "IL",
      "zipCode": "60601"
    }
  },
  {
    "pinGroupName": "2xxxx",
    "pinGroupId": "3yyyyy",
    "payToPfinId": "4jkashjasj",
    "taxIdNumber": "5juiokloi",
    "vbrEffDate": "06/12/20",
    "vbrEndDate": "10/dd/yy",
    "networkAssociationName": "TESTNAME7",
    "networkAssociationID": "TESTID7",
    "networkAssociationEffectiveDate": "02/03/2016",
    "networkAssociationEndDate": "01/04/2018",
    "networkCode": "XYXYXY",
    "processCode": "YZYZYZ",
    "tinEffectiveDate": "12/11/2015",
    "tinEndDate": "11/10/2018",
    "capitationCode": "A7-ABQHP Capitation",
    "corporateEntityCode": "A7A3A4",
    "pinGroupEffectiveDate": "02/02/2016",
    "pinGroupEndDate": "01/04/2019",
    "pfinEffectiveDate": "02/01/2015",
    "pfinEndDate": "01/03/2016",
    "payToPFINPayeeAddress": {
      "addressLine1": "123 Main St",
      "addressLine2": "Suite 2300",
      "city": "Chicago",
      "state": "IL",
      "zipCode": "60601"
    },
    "payeeAddress": {
      "addressLine1": "123 Main St",
      "addressLine2": "Suite 2300",
      "city": "Chicago",
      "state": "IL",
      "zipCode": "60601"
    }
  },
  {
    "pinGroupName": "2xxxx",
    "pinGroupId": "3yyyyy",
    "payToPfinId": "4jkashjasj",
    "taxIdNumber": "5juiokloi",
    "vbrEffDate": "06/12/20",
    "vbrEndDate": "10/dd/yy",
    "networkAssociationName": "TESTNAME7",
    "networkAssociationID": "TESTID7",
    "networkAssociationEffectiveDate": "02/03/2016",
    "networkAssociationEndDate": "01/04/2018",
    "networkCode": "XYXYXY",
    "processCode": "YZYZYZ",
    "tinEffectiveDate": "12/11/2015",
    "tinEndDate": "11/10/2018",
    "capitationCode": "A7-ABQHP Capitation",
    "corporateEntityCode": "A7A3A4",
    "pinGroupEffectiveDate": "02/02/2016",
    "pinGroupEndDate": "01/04/2019",
    "pfinEffectiveDate": "02/01/2015",
    "pfinEndDate": "01/03/2016",
    "payToPFINPayeeAddress": {
      "addressLine1": "123 Main St",
      "addressLine2": "Suite 2300",
      "city": "Chicago",
      "state": "IL",
      "zipCode": "60601"
    },
    "payeeAddress": {
      "addressLine1": "123 Main St",
      "addressLine2": "Suite 2300",
      "city": "Chicago",
      "state": "IL",
      "zipCode": "60601"
    }
  }
]
