{
    "providers": [
        {
            "pINGroupEffectiveDate": "2006-01-01",
            "pINGroupEndDate": "2007-01-01",
            "pfinEffectiveDate": "2006-01-01",
            "pfinEndDate": "2007-01-01",
            "tinEffectiveDate": "2006-01-01",
            "tinEndDate": "2007-01-01",
            "networkAssociationEffectiveDate": "2006-01-01",
            "networkAssociationEndDate": "2007-01-01",
            "payToPFINId": "00NMCAP015",
            "payToPfinName":"Pruds",
            "networkAssociationID": "772129110",
            "payeeAddress": {
                "zipCode": "600625317",
                "city": "NORTHBROOK",
                "addressLine1": "1885 SHERMER RD",
                "addressLine2": "",
                "state": "IL"
            },
            "capitationTypeCode": "A1",
            "taxId": "999999999",
            "processCode": "CP",
            "payToPFINPayeeAddress": {
                "zipCode": "606781095",
                "city": "CHICAGO",
                "addressLine1": "9532 EAGLE WAY",
                "addressLine2": "",
                "state": "IL"
            },
            "corpEntityCode": "NM",
            "networkAssociationName": " ECHO FIRST CHOICE",
            "pingroupEffectiveDate": "2006-01-01",
            "pingroupEndDate": "2007-01-01",
            "pINGroupName": " MJK NM CAP PIGLET",
            "pINGroupID": "RSK"
        }
    ]
}