[
    {
      "id": "CAP_SUMMARY_REPORT",
      "name": "Cap Summary Report",
      "header": "Cap Summary Report",
      "disabled": false
    },
    {
      "id": "MEMBERSHIP_ERROR_REPORT",
      "name": "Membership Error Report",
      "header": "Membership Error Report",
      "disabled": false
    },
    {
      "id": "COMPARISON_REPORT_FOR_APPROVED_FINANCIAL_CALCULATION_DATA",
      "name": "Comparison Report for Approved Financial Calculation Data",
      "header": "Comparison Report for Approved Financial Calculation Data",
      "disabled": false
    },
    {
      "id": "COMPARISON_REPORT_FOR_PRELIMINARY_RUN_CALCULATION_DATA",
      "name": "Comparison Report for Preliminary Run Calculation Data",
      "header": "Comparison Report for Preliminary Run Calculation Data",
      "disabled": false
    },
    {
      "id": "COMPARISON_REPORT_FOR_APPROVED_CALCULATION_DATA",
      "name": "Comparison Report for Approved Calculation Data",
      "header": "Comparison Report for Approved Calculation Data",  
      "disabled": true
    },
    {
      "id": "RETROACTIVITY_SUMMARY_REPORT",
      "name": "Retroactivity Summary Report",
      "header": "Retroactivity Summary Report",
      "disabled": true
    },
    {
      "id": "NM10931_CAP_DISTRIBUTION_REPORT",
      "name": "NM10931 - Cap Distribution Report",
      "header": "NM10931 - Cap Distribution Report",    
      "disabled": false
    },
    
    {
      "id": "NM10940_PRELIMINARY_EFT_REGISTER",
      "name": "NM10940 - Preliminary EFT Register",
      "header": "NM10940 - Preliminary EFT Register",
      "disabled": false
    },
    {
      "id": "NM10940_FINAL_EFT_REGISTER",
      "name": "NM10940 - Final EFT Register",
      "header": "NM10940 - Final EFT Register",
      "disabled": false
    },
    {
      "id": "NM10932_FINAL_OPEN_ITEM_REGISTER",
      "name": "NM10932 - Final Open item Register",
      "header": "NM10932 - Final Open item Register",    
      "disabled": true
    }
]