{
    "env" : {
        "name": "LOCAL"
    },
    "baseUrls" : {
        "BASE_URL": "https://vbr-arrangementconfig-service-dev.cfaa.hcsctest.net",
        "BASE_URL_CODE_SERVICE": "https://vbr-code-service-dev.cfaa.hcsctest.net",
        "BASE_URL_CALCULATION_SERVICE": "https://vbr-calculation-service-dev.cfaa.hcsctest.net",
        "BASE_URL_REPORT": "https://tableau.test.fyiblue.com/views/",
        "SSO_BASE_URL": "https://vbr-auth-dev3.test.fyiblue.com"
    },
    "reportUrls" : {          
        "CAP_SUMMARY_REPORT": "CapSummaryReport_15735714904500/CapSummaryReport?iframeSizedToWindow=true&:embed=y&:showAppBanner=false&:display_count=no&:showVizHome=no",
        "MEMBERSHIP_ERROR_REPORT": "MembershipErrorReport_15736417170040/MembershipErrorReport?iframeSizedToWindow=true&:embed=y&:showAppBanner=false&:display_count=no&:showVizHome=no",
        "COMPARISON_REPORT_FOR_APPROVED_FINANCIAL_CALCULATION_DATA": "ComparisonReportforFinancialCalculationData_15735718388110/ComparisonReportforFinancialcalculationData?iframeSizedToWindow=true&:embed=y&:showAppBanner=false&:display_count=no&:showVizHome=no",
        "COMPARISON_REPORT_FOR_PRELIMINARY_RUN_CALCULATION_DATA": "ComparisonReportforPreliminaryCalculationData_15735719621730/ComparisonReportforPreliminaryCalculationData?iframeSizedToWindow=true&:embed=y&:showAppBanner=false&:display_count=no&:showVizHome=no",
        "COMPARISON_REPORT_FOR_APPROVED_CALCULATION_DATA": "",
        "RETROACTIVITY_SUMMARY_REPORT": "",
        "NM10931_CAP_DISTRIBUTION_REPORT": "NM10931-CapDistributionReport_15736400047190/NM10931-CAPDISTRIBUTIONREPORT?iframeSizedToWindow=true&:embed=y&:showAppBanner=false&:display_count=no&:showVizHome=no",
        "NM10940_PRELIMINARY_EFT_REGISTER": "NM10940-PreliminaryEFTRegisterReport/NM10940-PreliminaryCapEFTRegisterReport?iframeSizedToWindow=true&:embed=y&:showAppBanner=false&:display_count=no&:showVizHome=no",
        "NM10940_FINAL_EFT_REGISTER": "NM10940-FinalEFTRegisterReport_15736399695060/NM10941-FinalEFTRegisterReport?iframeSizedToWindow=true&:embed=y&:showAppBanner=false&:display_count=no&:showVizHome=no",
        "NM10932_FINAL_OPEN_ITEM_REGISTER":""
    }
}