{
    "env" : {
        "name": "PROD"
    },
    "baseUrls" : {
        "BASE_URL": "https://vbr-arrangementconfig-service.cfaa.hcsc.net",
        "BASE_URL_CODE_SERVICE": "https://vbr-code-service.cfaa.hcsc.net",
        "BASE_URL_CALCULATION_SERVICE": "https://vbr-calculation-service.cfaa.hcsc.net",
        "BASE_URL_REPORT": "https://tableau.fyiblue.com/views/",
        "SSO_BASE_URL": "https://vbr-auth.fyiblue.com"
    },
    "reportUrls" : {          
        "CAP_SUMMARY_REPORT": "CapSummaryReport/CapSummaryReport?iframeSizedToWindow=true&:embed=y&:showAppBanner=false&:display_count=no&:showVizHome=no",
        "MEMBERSHIP_ERROR_REPORT": "MembershipErrorReport/MembershipErrorReport?iframeSizedToWindow=true&:embed=y&:showAppBanner=false&:display_count=no&:showVizHome=no",
        "COMPARISON_REPORT_FOR_APPROVED_FINANCIAL_CALCULATION_DATA": "ComparisonReportforFinancialCalculationData/ComparisonReportforFinancialcalculationData?iframeSizedToWindow=true&:embed=y&:showAppBanner=false&:display_count=no&:showVizHome=no",
        "COMPARISON_REPORT_FOR_PRELIMINARY_RUN_CALCULATION_DATA": "ComparisonReportforPreliminaryCalculationData/ComparisonReportforPreliminaryCalculationData?iframeSizedToWindow=true&:embed=y&:showAppBanner=false&:display_count=no&:showVizHome=no",
        "COMPARISON_REPORT_FOR_APPROVED_CALCULATION_DATA": "",
        "RETROACTIVITY_SUMMARY_REPORT": "",
        "NM10931_CAP_DISTRIBUTION_REPORT": "NM10931-CapDistributionReport/NM10931-CAPDISTRIBUTIONREPORT?iframeSizedToWindow=true&:embed=y&:showAppBanner=false&:display_count=no&:showVizHome=no",
        "NM10940_PRELIMINARY_EFT_REGISTER": "NM10940-PreliminaryEFTRegisterReport/NM10940-PreliminaryCapEFTRegisterReport?iframeSizedToWindow=true&:embed=y&:showAppBanner=false&:display_count=no&:showVizHome=no",
        "NM10940_FINAL_EFT_REGISTER": "NM10940-FinalEFTRegisterReport/NM10941-FinalEFTRegisterReport?iframeSizedToWindow=true&:embed=y&:showAppBanner=false&:display_count=no&:showVizHome=no",
        "NM10932_FINAL_OPEN_ITEM_REGISTER":""
    }
}