{
    "env" : {
        "name": "LNP"
    },
    "baseUrls" : {
        "BASE_URL": "https://vbr-arrangementconfig-service-lnp.cfaa.hcsctest.net",
        "BASE_URL_CODE_SERVICE": "https://vbr-code-service-lnp.cfaa.hcsctest.net",
        "BASE_URL_CALCULATION_SERVICE": "https://vbr-calculation-service-lnp.cfaa.hcsctest.net",
        "BASE_URL_REPORT": "https://tableau.test.fyiblue.com/views/",
        "SSO_BASE_URL": "https://vbr-auth-lnp.test.fyiblue.com"
    },
    "reportUrls" : {          
        "CAP_SUMMARY_REPORT": "CapSummaryReport_15761575077580/CapSummaryReport?iframeSizedToWindow=true&:embed=y&:showAppBanner=false&:display_count=no&:showVizHome=no",
        "MEMBERSHIP_ERROR_REPORT": "MembershipErrorReportV2_15761584251450/Dashboard1?iframeSizedToWindow=true&:embed=y&:showAppBanner=false&:display_count=no&:showVizHome=no",
        "COMPARISON_REPORT_FOR_APPROVED_FINANCIAL_CALCULATION_DATA": "ComparisonReportforFinancialCalculationData_15761578883870/ComparisonReportforFinancialcalculationData?iframeSizedToWindow=true&:embed=y&:showAppBanner=false&:display_count=no&:showVizHome=no",
        "COMPARISON_REPORT_FOR_PRELIMINARY_RUN_CALCULATION_DATA": "ComparisonReportforPreliminaryCalculationData_15765055237410/ComparisonReportforPreliminaryCalculationData?iframeSizedToWindow=true&:embed=y&:showAppBanner=false&:display_count=no&:showVizHome=no",
        "COMPARISON_REPORT_FOR_APPROVED_CALCULATION_DATA": "",
        "RETROACTIVITY_SUMMARY_REPORT": "",
        "NM10931_CAP_DISTRIBUTION_REPORT": "NM10931-CapDistributionReport_15761589079540/NM10931-CAPDISTRIBUTIONREPORT?iframeSizedToWindow=true&:embed=y&:showAppBanner=false&:display_count=no&:showVizHome=no",
        "NM10940_PRELIMINARY_EFT_REGISTER": "NM10940-PreliminaryEFTRegisterReport_15765059505350/NM10940-PreliminaryCapEFTRegisterReport?iframeSizedToWindow=true&:embed=y&:showAppBanner=false&:display_count=no&:showVizHome=no",
        "NM10940_FINAL_EFT_REGISTER": "NM10940-FinalEFTRegisterReport_15761585943260/NM10941-FinalEFTRegisterReport?iframeSizedToWindow=true&:embed=y&:showAppBanner=false&:display_count=no&:showVizHome=no",
        "NM10932_FINAL_OPEN_ITEM_REGISTER":""
    }
}